日期,點擊,曝光,點閱率,排名
2026-06-30,0,1,0%,1
2026-07-01,0,1,0%,1
2026-07-02,0,0,,
2026-07-03,0,0,,
2026-07-04,0,0,,
2026-07-05,0,0,,
2026-07-06,0,1,0%,9
2026-07-07,0,0,,
2026-07-08,0,0,,
2026-07-09,0,0,,
2026-07-10,0,0,,
2026-07-11,0,0,,
2026-07-12,0,0,,
2026-07-13,0,0,,
2026-07-14,0,0,,
2026-07-15,0,0,,
2026-07-16,0,0,,
2026-07-17,2,3,66.67%,1
2026-07-18,0,0,,
2026-07-19,0,0,,
2026-07-20,1,2,50%,2
2026-07-21,0,1,0%,1
2026-07-22,0,0,,
2026-07-23,0,0,,
2026-07-24,0,0,,
2026-07-25,0,0,,
2026-07-26,0,1,0%,37
2026-07-27,0,1,0%,3
2026-07-28,0,7,0%,1.6
2026-07-29,0,0,,
2026-07-30,0,0,,
2026-07-31,0,0,,
2026-08-01,0,0,,
2026-08-02,1,1,100%,2
2026-08-03,0,0,,
2026-08-04,0,0,,
2026-08-05,0,0,,
2026-08-06,0,1,0%,2
2026-08-07,1,1,100%,2
2026-08-08,0,0,,
2026-08-09,0,1,0%,1
2026-08-10,1,2,50%,3
2026-08-11,0,0,,
2026-08-12,0,2,0%,7
2026-08-13,0,1,0%,3
2026-08-14,0,1,0%,24
2026-08-15,0,0,,
2026-08-16,0,1,0%,4
2026-08-17,0,0,,
2026-08-18,0,2,0%,18
2026-08-19,0,1,0%,4
2026-08-20,0,0,,
2026-08-21,0,2,0%,11
2026-08-22,0,0,,
2026-08-23,0,1,0%,17
2026-08-24,0,2,0%,2
2026-08-25,0,3,0%,4.3
2026-08-26,0,3,0%,9
2026-08-27,0,1,0%,8
2026-08-28,0,0,,
2026-08-29,0,3,0%,11
2026-08-30,0,2,0%,6.5
2026-08-31,1,2,50%,48.5
2026-09-01,0,2,0%,2
2026-09-02,0,0,,
2026-09-03,0,1,0%,1
2026-09-04,0,0,,
2026-09-05,0,2,0%,8.5
2026-09-06,0,0,,
2026-09-07,0,1,0%,4
2026-09-08,0,1,0%,4
2026-09-09,1,3,33.33%,1
2026-09-10,1,4,25%,7.5
2026-09-11,0,0,,
2026-09-12,0,0,,
2026-09-13,0,0,,
2026-09-14,0,1,0%,4
2026-09-15,0,3,0%,7.3
2026-09-16,0,1,0%,4
2026-09-17,0,4,0%,2
2026-09-18,0,2,0%,5
2026-09-19,0,0,,
2026-09-20,1,2,50%,1.5
2026-09-21,0,2,0%,6.5
2026-09-22,0,0,,
2026-09-23,2,3,66.67%,2
2026-09-24,0,1,0%,3
2026-09-25,1,1,100%,2
2026-09-26,0,0,,
2026-09-27,0,0,,
2026-09-28,0,0,,
2026-09-29,1,4,25%,6.5